ALTER TABLE CR_CUSTOMER ADD COLUMN
(
    MOBILE VARCHAR(20),
    FAX VARCHAR(20)
);

-- 会员类别
INSERT INTO CM_MASTER_CODE (CODE, LABEL, DISPLAY_ORDER, CREATED_AT, CREATED_BY) VALUES ('customer.industry.CG', '场馆', 1, NOW(), 1);
INSERT INTO CM_MASTER_CODE (CODE, LABEL, DISPLAY_ORDER, CREATED_AT, CREATED_BY) VALUES ('customer.industry.ZBF', '主办方', 2, NOW(), 1);
INSERT INTO CM_MASTER_CODE (CODE, LABEL, DISPLAY_ORDER, CREATED_AT, CREATED_BY) VALUES ('customer.industry.JYPX', '教育培训', 3, NOW(), 1);
INSERT INTO CM_MASTER_CODE (CODE, LABEL, DISPLAY_ORDER, CREATED_AT, CREATED_BY) VALUES ('customer.industry.ZLGC', '展览工程', 4, NOW(), 1);
INSERT INTO CM_MASTER_CODE (CODE, LABEL, DISPLAY_ORDER, CREATED_AT, CREATED_BY) VALUES ('customer.industry.HZFW', '会展服务', 5, NOW(), 1);
INSERT INTO CM_MASTER_CODE (CODE, LABEL, DISPLAY_ORDER, CREATED_AT, CREATED_BY) VALUES ('customer.industry.HYFW', '会议服务', 6, NOW(), 1);
INSERT INTO CM_MASTER_CODE (CODE, LABEL, DISPLAY_ORDER, CREATED_AT, CREATED_BY) VALUES ('customer.industry.GGCM', '广告传媒', 7, NOW(), 1);
INSERT INTO CM_MASTER_CODE (CODE, LABEL, DISPLAY_ORDER, CREATED_AT, CREATED_BY) VALUES ('customer.industry.FWS', '服务商', 8, NOW(), 1);
INSERT INTO CM_MASTER_CODE (CODE, LABEL, DISPLAY_ORDER, CREATED_AT, CREATED_BY) VALUES ('customer.industry.JD', '酒店', 9, NOW(), 1);
INSERT INTO CM_MASTER_CODE (CODE, LABEL, DISPLAY_ORDER, CREATED_AT, CREATED_BY) VALUES ('customer.industry.HYXH', '行业协会', 10, NOW(), 1);
INSERT INTO CM_MASTER_CODE (CODE, LABEL, DISPLAY_ORDER, CREATED_AT, CREATED_BY) VALUES ('customer.industry.SH', '商会', 11, NOW(), 1);

-- 会员性质
INSERT INTO CM_MASTER_CODE (CODE, LABEL, DISPLAY_ORDER, CREATED_AT, CREATED_BY) VALUES ('customer.type.A', '会长单位', 1, NOW(), 1);
INSERT INTO CM_MASTER_CODE (CODE, LABEL, DISPLAY_ORDER, CREATED_AT, CREATED_BY) VALUES ('customer.type.B', '副会长单位', 2, NOW(), 1);
INSERT INTO CM_MASTER_CODE (CODE, LABEL, DISPLAY_ORDER, CREATED_AT, CREATED_BY) VALUES ('customer.type.C', '理事单位', 3, NOW(), 1);
INSERT INTO CM_MASTER_CODE (CODE, LABEL, DISPLAY_ORDER, CREATED_AT, CREATED_BY) VALUES ('customer.type.D', '会员单位', 4, NOW(), 1);

-- 会员信息
INSERT INTO CM_PROFILE (ID, FULLNAME, TITLE, MOBILE, CREATED_AT, CREATED_BY) VALUES (101, '殷卫东', '总裁', '13951108885', NOW(), 1);
INSERT INTO CM_USER (ID, USERNAME, PASSWORD, PROFILE_ID, CREATED_AT, CREATED_BY) VALUES (101, '13951108885', '$2a$10$7wZkNXX/Ij1QpfInxzfrQuvTrYaHBjLgj7HJ72QDjMc8lXvXXNXOu', 101, NOW(), 1);
INSERT INTO CM_GROUP_USER (GROUP_ID, USER_ID) VALUES (103, 101);
INSERT INTO CM_ROLE_USER (ROLE_ID, USER_ID) VALUES (103, 101);
INSERT INTO CR_CUSTOMER (ID, TYPE, LOGIN_USER_ID, COMPANY_NAME, CONTACT, PHONE, FAX, EMAIL, INDUSTRY, CREATED_AT, CREATED_BY) VALUES (101, 'A', 101, '苏州文化博览中心有限公司', '殷卫东', '', '', '', 'CG', NOW(), 1);

INSERT INTO CM_PROFILE (ID, FULLNAME, TITLE, MOBILE, CREATED_AT, CREATED_BY) VALUES (102, '黄大鹏', '董事长', '13806243838', NOW(), 1);
INSERT INTO CM_USER (ID, USERNAME, PASSWORD, PROFILE_ID, CREATED_AT, CREATED_BY) VALUES (102, '13806243838', '$2a$10$7wZkNXX/Ij1QpfInxzfrQuvTrYaHBjLgj7HJ72QDjMc8lXvXXNXOu', 102, NOW(), 1);
INSERT INTO CM_GROUP_USER (GROUP_ID, USER_ID) VALUES (103, 102);
INSERT INTO CM_ROLE_USER (ROLE_ID, USER_ID) VALUES (103, 102);
INSERT INTO CR_CUSTOMER (ID, TYPE, LOGIN_USER_ID, COMPANY_NAME, CONTACT, PHONE, FAX, EMAIL, INDUSTRY, CREATED_AT, CREATED_BY) VALUES (102, 'B', 102, '苏州市会议中心', '黄大鹏', '', '', '', 'CG', NOW(), 1);

INSERT INTO CM_PROFILE (ID, FULLNAME, TITLE, MOBILE, CREATED_AT, CREATED_BY) VALUES (103, '戴卫兵', '总经理', '13862600198', NOW(), 1);
INSERT INTO CM_USER (ID, USERNAME, PASSWORD, PROFILE_ID, CREATED_AT, CREATED_BY) VALUES (103, '13862600198', '$2a$10$7wZkNXX/Ij1QpfInxzfrQuvTrYaHBjLgj7HJ72QDjMc8lXvXXNXOu', 103, NOW(), 1);
INSERT INTO CM_GROUP_USER (GROUP_ID, USER_ID) VALUES (103, 103);
INSERT INTO CM_ROLE_USER (ROLE_ID, USER_ID) VALUES (103, 103);
INSERT INTO CR_CUSTOMER (ID, TYPE, LOGIN_USER_ID, COMPANY_NAME, CONTACT, PHONE, FAX, EMAIL, INDUSTRY, CREATED_AT, CREATED_BY) VALUES (103, 'B', 103, '昆山昆开国际会展中心有限公司', '戴卫兵', '', '', '', 'CG', NOW(), 1);

INSERT INTO CM_PROFILE (ID, FULLNAME, TITLE, MOBILE, CREATED_AT, CREATED_BY) VALUES (104, '孙燕红', '副总', '13962334104', NOW(), 1);
INSERT INTO CM_USER (ID, USERNAME, PASSWORD, PROFILE_ID, CREATED_AT, CREATED_BY) VALUES (104, '13962334104', '$2a$10$7wZkNXX/Ij1QpfInxzfrQuvTrYaHBjLgj7HJ72QDjMc8lXvXXNXOu', 104, NOW(), 1);
INSERT INTO CM_GROUP_USER (GROUP_ID, USER_ID) VALUES (103, 104);
INSERT INTO CM_ROLE_USER (ROLE_ID, USER_ID) VALUES (103, 104);
INSERT INTO CR_CUSTOMER (ID, TYPE, LOGIN_USER_ID, COMPANY_NAME, CONTACT, PHONE, FAX, EMAIL, INDUSTRY, CREATED_AT, CREATED_BY) VALUES (104, 'C', 104, '常熟国际展览中心', '孙燕红', '', '', '', 'CG', NOW(), 1);

INSERT INTO CM_PROFILE (ID, FULLNAME, TITLE, MOBILE, CREATED_AT, CREATED_BY) VALUES (105, '邵戈', '常务副总', '13701972527', NOW(), 1);
INSERT INTO CM_USER (ID, USERNAME, PASSWORD, PROFILE_ID, CREATED_AT, CREATED_BY) VALUES (105, '13701972527', '$2a$10$7wZkNXX/Ij1QpfInxzfrQuvTrYaHBjLgj7HJ72QDjMc8lXvXXNXOu', 105, NOW(), 1);
INSERT INTO CM_GROUP_USER (GROUP_ID, USER_ID) VALUES (103, 105);
INSERT INTO CM_ROLE_USER (ROLE_ID, USER_ID) VALUES (103, 105);
INSERT INTO CR_CUSTOMER (ID, TYPE, LOGIN_USER_ID, COMPANY_NAME, CONTACT, PHONE, FAX, EMAIL, INDUSTRY, CREATED_AT, CREATED_BY) VALUES (105, 'D', 105, '苏州兆成展馆经营管理有限公司', '邵戈', '021-39215020',  '021-39215493', '1072960661@qq.com','CG', NOW(), 1);

INSERT INTO CM_PROFILE (ID, FULLNAME, TITLE, MOBILE, CREATED_AT, CREATED_BY) VALUES (106, '章瑾', '董事长', '13962119999', NOW(), 1);
INSERT INTO CM_USER (ID, USERNAME, PASSWORD, PROFILE_ID, CREATED_AT, CREATED_BY) VALUES (106, '13962119999', '$2a$10$7wZkNXX/Ij1QpfInxzfrQuvTrYaHBjLgj7HJ72QDjMc8lXvXXNXOu', 106, NOW(), 1);
INSERT INTO CM_GROUP_USER (GROUP_ID, USER_ID) VALUES (103, 106);
INSERT INTO CM_ROLE_USER (ROLE_ID, USER_ID) VALUES (103, 106);
INSERT INTO CR_CUSTOMER (ID, TYPE, LOGIN_USER_ID, COMPANY_NAME, CONTACT, PHONE, FAX, EMAIL, INDUSTRY, CREATED_AT, CREATED_BY) VALUES (106, 'B', 106, '苏州市节庆会展策划有限公司', '章瑾', '66679999' ,'69580204', 'hxc7612@yeah.net','ZBF', NOW(), 1);

INSERT INTO CM_PROFILE (ID, FULLNAME, TITLE, MOBILE, CREATED_AT, CREATED_BY) VALUES (107, '张智玮', '总经理', '18251157057', NOW(), 1);
INSERT INTO CM_USER (ID, USERNAME, PASSWORD, PROFILE_ID, CREATED_AT, CREATED_BY) VALUES (107, '18251157057', '$2a$10$7wZkNXX/Ij1QpfInxzfrQuvTrYaHBjLgj7HJ72QDjMc8lXvXXNXOu', 107, NOW(), 1);
INSERT INTO CM_GROUP_USER (GROUP_ID, USER_ID) VALUES (103, 107);
INSERT INTO CM_ROLE_USER (ROLE_ID, USER_ID) VALUES (103, 107);
INSERT INTO CR_CUSTOMER (ID, TYPE, LOGIN_USER_ID, COMPANY_NAME, CONTACT, PHONE, FAX, EMAIL, INDUSTRY, CREATED_AT, CREATED_BY) VALUES (107, 'D', 107, '苏州志诚展览服务有限公司', '张智玮', '65237011' ,'65811598', 'szzczl@126.com','ZBF', NOW(), 1);

INSERT INTO CM_PROFILE (ID, FULLNAME, TITLE, MOBILE, CREATED_AT, CREATED_BY) VALUES (108, '朱训谟', '常务副秘书长', '13338004015', NOW(), 1);
INSERT INTO CM_USER (ID, USERNAME, PASSWORD, PROFILE_ID, CREATED_AT, CREATED_BY) VALUES (108, '13338004015', '$2a$10$7wZkNXX/Ij1QpfInxzfrQuvTrYaHBjLgj7HJ72QDjMc8lXvXXNXOu', 108, NOW(), 1);
INSERT INTO CM_GROUP_USER (GROUP_ID, USER_ID) VALUES (103, 108);
INSERT INTO CM_ROLE_USER (ROLE_ID, USER_ID) VALUES (103, 108);
INSERT INTO CR_CUSTOMER (ID, TYPE, LOGIN_USER_ID, COMPANY_NAME, CONTACT, PHONE, FAX, EMAIL, INDUSTRY, CREATED_AT, CREATED_BY) VALUES (108, 'D', 108, '苏州市模具行业协会', '朱训谟', '67543002/66161800' ,'67543002', 'sm67543002@163.com','HYXH', NOW(), 1);

INSERT INTO CM_PROFILE (ID, FULLNAME, TITLE, MOBILE, CREATED_AT, CREATED_BY) VALUES (109, '朱杏根', '秘书长', '13451980196', NOW(), 1);
INSERT INTO CM_USER (ID, USERNAME, PASSWORD, PROFILE_ID, CREATED_AT, CREATED_BY) VALUES (109, '13451980196', '$2a$10$7wZkNXX/Ij1QpfInxzfrQuvTrYaHBjLgj7HJ72QDjMc8lXvXXNXOu', 109, NOW(), 1);
INSERT INTO CM_GROUP_USER (GROUP_ID, USER_ID) VALUES (103, 109);
INSERT INTO CM_ROLE_USER (ROLE_ID, USER_ID) VALUES (103, 109);
INSERT INTO CR_CUSTOMER (ID, TYPE, LOGIN_USER_ID, COMPANY_NAME, CONTACT, PHONE, FAX, EMAIL, INDUSTRY, CREATED_AT, CREATED_BY) VALUES (109, 'D', 109, '苏州市自行车电动车行业协会', '朱杏根', '65229360' ,'65229320', 'sbevaok@163.com','HYXH', NOW(), 1);

INSERT INTO CM_PROFILE (ID, FULLNAME, TITLE, MOBILE, CREATED_AT, CREATED_BY) VALUES (110, '吴方', '副总经理', '13338698666', NOW(), 1);
INSERT INTO CM_USER (ID, USERNAME, PASSWORD, PROFILE_ID, CREATED_AT, CREATED_BY) VALUES (110, '13338698666', '$2a$10$7wZkNXX/Ij1QpfInxzfrQuvTrYaHBjLgj7HJ72QDjMc8lXvXXNXOu', 110, NOW(), 1);
INSERT INTO CM_GROUP_USER (GROUP_ID, USER_ID) VALUES (103, 110);
INSERT INTO CM_ROLE_USER (ROLE_ID, USER_ID) VALUES (103, 110);
INSERT INTO CR_CUSTOMER (ID, TYPE, LOGIN_USER_ID, COMPANY_NAME, CONTACT, PHONE, FAX, EMAIL, INDUSTRY, CREATED_AT, CREATED_BY) VALUES (110, 'D', 110, '苏州剑桥展览商务有限公司', '吴方', '68083188-666' ,'68083288', 'wf@mail.goemex.biz','ZBF', NOW(), 1);

INSERT INTO CM_PROFILE (ID, FULLNAME, TITLE, MOBILE, CREATED_AT, CREATED_BY) VALUES (111, '杨歆', '总经理', '13306138521', NOW(), 1);
INSERT INTO CM_USER (ID, USERNAME, PASSWORD, PROFILE_ID, CREATED_AT, CREATED_BY) VALUES (111, '13306138521', '$2a$10$7wZkNXX/Ij1QpfInxzfrQuvTrYaHBjLgj7HJ72QDjMc8lXvXXNXOu', 111, NOW(), 1);
INSERT INTO CM_GROUP_USER (GROUP_ID, USER_ID) VALUES (103, 111);
INSERT INTO CM_ROLE_USER (ROLE_ID, USER_ID) VALUES (103, 111);
INSERT INTO CR_CUSTOMER (ID, TYPE, LOGIN_USER_ID, COMPANY_NAME, CONTACT, PHONE, FAX, EMAIL, INDUSTRY, CREATED_AT, CREATED_BY) VALUES (111, 'C', 111, '苏州国华展览有限公司', '杨歆', '62804469' ,'62805042', '','ZBF', NOW(), 1);

INSERT INTO CM_PROFILE (ID, FULLNAME, TITLE, MOBILE, CREATED_AT, CREATED_BY) VALUES (112, '刘文华', '总助', '13812770621', NOW(), 1);
INSERT INTO CM_USER (ID, USERNAME, PASSWORD, PROFILE_ID, CREATED_AT, CREATED_BY) VALUES (112, '13812770621', '$2a$10$7wZkNXX/Ij1QpfInxzfrQuvTrYaHBjLgj7HJ72QDjMc8lXvXXNXOu', 112, NOW(), 1);
INSERT INTO CM_GROUP_USER (GROUP_ID, USER_ID) VALUES (103, 112);
INSERT INTO CM_ROLE_USER (ROLE_ID, USER_ID) VALUES (103, 112);
INSERT INTO CR_CUSTOMER (ID, TYPE, LOGIN_USER_ID, COMPANY_NAME, CONTACT, PHONE, FAX, EMAIL, INDUSTRY, CREATED_AT, CREATED_BY) VALUES (112, 'D', 112, '苏州显辉展览有限公司', '刘文华', '68660756' ,'68660753', 'suzhou2004@126.com','ZBF', NOW(), 1);

INSERT INTO CM_PROFILE (ID, FULLNAME, TITLE, MOBILE, CREATED_AT, CREATED_BY) VALUES (113, '宋伟强', '总经理', '13105656600', NOW(), 1);
INSERT INTO CM_USER (ID, USERNAME, PASSWORD, PROFILE_ID, CREATED_AT, CREATED_BY) VALUES (113, '13105656600', '$2a$10$7wZkNXX/Ij1QpfInxzfrQuvTrYaHBjLgj7HJ72QDjMc8lXvXXNXOu', 113, NOW(), 1);
INSERT INTO CM_GROUP_USER (GROUP_ID, USER_ID) VALUES (103, 113);
INSERT INTO CM_ROLE_USER (ROLE_ID, USER_ID) VALUES (103, 113);
INSERT INTO CR_CUSTOMER (ID, TYPE, LOGIN_USER_ID, COMPANY_NAME, CONTACT, PHONE, FAX, EMAIL, INDUSTRY, CREATED_AT, CREATED_BY) VALUES (113, 'D', 113, '苏州环球行展览有限公司', '宋伟强', '69173988' ,'69173966', '693370841@qq.com','ZBF', NOW(), 1);

INSERT INTO CM_PROFILE (ID, FULLNAME, TITLE, MOBILE, CREATED_AT, CREATED_BY) VALUES (114, '曾小权', '总经理', '13625284759', NOW(), 1);
INSERT INTO CM_USER (ID, USERNAME, PASSWORD, PROFILE_ID, CREATED_AT, CREATED_BY) VALUES (114, '13625284759', '$2a$10$7wZkNXX/Ij1QpfInxzfrQuvTrYaHBjLgj7HJ72QDjMc8lXvXXNXOu', 114, NOW(), 1);
INSERT INTO CM_GROUP_USER (GROUP_ID, USER_ID) VALUES (103, 114);
INSERT INTO CM_ROLE_USER (ROLE_ID, USER_ID) VALUES (103, 114);
INSERT INTO CR_CUSTOMER (ID, TYPE, LOGIN_USER_ID, COMPANY_NAME, CONTACT, PHONE, FAX, EMAIL, INDUSTRY, CREATED_AT, CREATED_BY) VALUES (114, 'D', 114, '苏州天溪展览有限公司', '曾小权', '88607715' ,'88607718', '426333987@qq.com','ZBF', NOW(), 1);

INSERT INTO CM_PROFILE (ID, FULLNAME, TITLE, MOBILE, CREATED_AT, CREATED_BY) VALUES (115, '赵艺学', '总经理', '13585055555', NOW(), 1);
INSERT INTO CM_USER (ID, USERNAME, PASSWORD, PROFILE_ID, CREATED_AT, CREATED_BY) VALUES (115, '13585055555', '$2a$10$7wZkNXX/Ij1QpfInxzfrQuvTrYaHBjLgj7HJ72QDjMc8lXvXXNXOu', 115, NOW(), 1);
INSERT INTO CM_GROUP_USER (GROUP_ID, USER_ID) VALUES (103, 115);
INSERT INTO CM_ROLE_USER (ROLE_ID, USER_ID) VALUES (103, 115);
INSERT INTO CR_CUSTOMER (ID, TYPE, LOGIN_USER_ID, COMPANY_NAME, CONTACT, PHONE, FAX, EMAIL, INDUSTRY, CREATED_AT, CREATED_BY) VALUES (115, 'D', 115, '赵艺学商务策划机构', '赵艺学', '66153555' ,'65750666', '109269871@qq.com','ZBF', NOW(), 1);

INSERT INTO CM_PROFILE (ID, FULLNAME, TITLE, MOBILE, CREATED_AT, CREATED_BY) VALUES (116, '周挺', '企划总监', '13776120865', NOW(), 1);
INSERT INTO CM_USER (ID, USERNAME, PASSWORD, PROFILE_ID, CREATED_AT, CREATED_BY) VALUES (116, '13776120865', '$2a$10$7wZkNXX/Ij1QpfInxzfrQuvTrYaHBjLgj7HJ72QDjMc8lXvXXNXOu', 116, NOW(), 1);
INSERT INTO CM_GROUP_USER (GROUP_ID, USER_ID) VALUES (103, 116);
INSERT INTO CM_ROLE_USER (ROLE_ID, USER_ID) VALUES (103, 116);
INSERT INTO CR_CUSTOMER (ID, TYPE, LOGIN_USER_ID, COMPANY_NAME, CONTACT, PHONE, FAX, EMAIL, INDUSTRY, CREATED_AT, CREATED_BY) VALUES (116, 'D', 116, '苏州诚创展览商务有限公司', '周挺', '65160997' ,'65160996', 'biochinaexpo@126.com','ZBF', NOW(), 1);

INSERT INTO CM_PROFILE (ID, FULLNAME, TITLE, MOBILE, CREATED_AT, CREATED_BY) VALUES (117, '刘袅佳', '总经理', '13912616961', NOW(), 1);
INSERT INTO CM_USER (ID, USERNAME, PASSWORD, PROFILE_ID, CREATED_AT, CREATED_BY) VALUES (117, '13912616961', '$2a$10$7wZkNXX/Ij1QpfInxzfrQuvTrYaHBjLgj7HJ72QDjMc8lXvXXNXOu', 117, NOW(), 1);
INSERT INTO CM_GROUP_USER (GROUP_ID, USER_ID) VALUES (103, 117);
INSERT INTO CM_ROLE_USER (ROLE_ID, USER_ID) VALUES (103, 117);
INSERT INTO CR_CUSTOMER (ID, TYPE, LOGIN_USER_ID, COMPANY_NAME, CONTACT, PHONE, FAX, EMAIL, INDUSTRY, CREATED_AT, CREATED_BY) VALUES (117, 'D', 117, '苏州新华展览有限公司', '刘袅佳', '68413488' ,'68413458', '996637893@qq.com/870704598@qq.com','ZBF', NOW(), 1);

INSERT INTO CM_PROFILE (ID, FULLNAME, TITLE, MOBILE, CREATED_AT, CREATED_BY) VALUES (118, '蒋士广', '经理', '13771895507', NOW(), 1);
INSERT INTO CM_USER (ID, USERNAME, PASSWORD, PROFILE_ID, CREATED_AT, CREATED_BY) VALUES (118, '13771895507', '$2a$10$7wZkNXX/Ij1QpfInxzfrQuvTrYaHBjLgj7HJ72QDjMc8lXvXXNXOu', 118, NOW(), 1);
INSERT INTO CM_GROUP_USER (GROUP_ID, USER_ID) VALUES (103, 118);
INSERT INTO CM_ROLE_USER (ROLE_ID, USER_ID) VALUES (103, 118);
INSERT INTO CR_CUSTOMER (ID, TYPE, LOGIN_USER_ID, COMPANY_NAME, CONTACT, PHONE, FAX, EMAIL, INDUSTRY, CREATED_AT, CREATED_BY) VALUES (118, 'D', 118, '苏州励扬展览有限公司', '蒋士广', '88602007' ,'68079291', '513001774@qq.com','ZBF', NOW(), 1);

INSERT INTO CM_PROFILE (ID, FULLNAME, TITLE, MOBILE, CREATED_AT, CREATED_BY) VALUES (119, '周军', '副总经理', '13205181199', NOW(), 1);
INSERT INTO CM_USER (ID, USERNAME, PASSWORD, PROFILE_ID, CREATED_AT, CREATED_BY) VALUES (119, '13205181199', '$2a$10$7wZkNXX/Ij1QpfInxzfrQuvTrYaHBjLgj7HJ72QDjMc8lXvXXNXOu', 119, NOW(), 1);
INSERT INTO CM_GROUP_USER (GROUP_ID, USER_ID) VALUES (103, 119);
INSERT INTO CM_ROLE_USER (ROLE_ID, USER_ID) VALUES (103, 119);
INSERT INTO CR_CUSTOMER (ID, TYPE, LOGIN_USER_ID, COMPANY_NAME, CONTACT, PHONE, FAX, EMAIL, INDUSTRY, CREATED_AT, CREATED_BY) VALUES (119, 'C', 119, '苏州比斯曼展览工程有限公司', '周军', '62805040', '62804352' ,'317334507@qq.com','ZLGC', NOW(), 1);

INSERT INTO CM_PROFILE (ID, FULLNAME, TITLE, MOBILE, CREATED_AT, CREATED_BY) VALUES (120, '张义鑫', '业务经理', '13862558481', NOW(), 1);
INSERT INTO CM_USER (ID, USERNAME, PASSWORD, PROFILE_ID, CREATED_AT, CREATED_BY) VALUES (120, '13862558481', '$2a$10$7wZkNXX/Ij1QpfInxzfrQuvTrYaHBjLgj7HJ72QDjMc8lXvXXNXOu', 120, NOW(), 1);
INSERT INTO CM_GROUP_USER (GROUP_ID, USER_ID) VALUES (103, 120);
INSERT INTO CM_ROLE_USER (ROLE_ID, USER_ID) VALUES (103, 120);
INSERT INTO CR_CUSTOMER (ID, TYPE, LOGIN_USER_ID, COMPANY_NAME, CONTACT, PHONE, FAX, EMAIL, INDUSTRY, CREATED_AT, CREATED_BY) VALUES (120, 'C', 120, '苏州市金螳螂展览设计工程有限公司', '张义鑫', '68601529', '68298259' ,'','ZLGC', NOW(), 1);

INSERT INTO CM_PROFILE (ID, FULLNAME, TITLE, MOBILE, CREATED_AT, CREATED_BY) VALUES (121, '李骏', '总经理', '13306208139', NOW(), 1);
INSERT INTO CM_USER (ID, USERNAME, PASSWORD, PROFILE_ID, CREATED_AT, CREATED_BY) VALUES (121, '13306208139', '$2a$10$7wZkNXX/Ij1QpfInxzfrQuvTrYaHBjLgj7HJ72QDjMc8lXvXXNXOu', 121, NOW(), 1);
INSERT INTO CM_GROUP_USER (GROUP_ID, USER_ID) VALUES (103, 121);
INSERT INTO CM_ROLE_USER (ROLE_ID, USER_ID) VALUES (103, 121);
INSERT INTO CR_CUSTOMER (ID, TYPE, LOGIN_USER_ID, COMPANY_NAME, CONTACT, PHONE, FAX, EMAIL, INDUSTRY, CREATED_AT, CREATED_BY) VALUES (121, 'D', 121, '苏州博雅广告商务有限公司', '李骏', '67288701', '69171301' ,'boyasz1@163.com','ZLGC', NOW(), 1);

INSERT INTO CM_PROFILE (ID, FULLNAME, TITLE, MOBILE, CREATED_AT, CREATED_BY) VALUES (122, '郑军', '总经理', '13771918792', NOW(), 1);
INSERT INTO CM_USER (ID, USERNAME, PASSWORD, PROFILE_ID, CREATED_AT, CREATED_BY) VALUES (122, '13771918792', '$2a$10$7wZkNXX/Ij1QpfInxzfrQuvTrYaHBjLgj7HJ72QDjMc8lXvXXNXOu', 122, NOW(), 1);
INSERT INTO CM_GROUP_USER (GROUP_ID, USER_ID) VALUES (103, 122);
INSERT INTO CM_ROLE_USER (ROLE_ID, USER_ID) VALUES (103, 122);
INSERT INTO CR_CUSTOMER (ID, TYPE, LOGIN_USER_ID, COMPANY_NAME, CONTACT, PHONE, FAX, EMAIL, INDUSTRY, CREATED_AT, CREATED_BY) VALUES (122, 'D', 122, '苏州展恒展览服务有限公司', '郑军', '68636081', '82170082' ,'1098272329@qq.com','ZLGC', NOW(), 1);

INSERT INTO CM_PROFILE (ID, FULLNAME, TITLE, MOBILE, CREATED_AT, CREATED_BY) VALUES (123, '裴健', '业务总监', '13771715935', NOW(), 1);
INSERT INTO CM_USER (ID, USERNAME, PASSWORD, PROFILE_ID, CREATED_AT, CREATED_BY) VALUES (123, '13771715935', '$2a$10$7wZkNXX/Ij1QpfInxzfrQuvTrYaHBjLgj7HJ72QDjMc8lXvXXNXOu', 123, NOW(), 1);
INSERT INTO CM_GROUP_USER (GROUP_ID, USER_ID) VALUES (103, 123);
INSERT INTO CM_ROLE_USER (ROLE_ID, USER_ID) VALUES (103, 123);
INSERT INTO CR_CUSTOMER (ID, TYPE, LOGIN_USER_ID, COMPANY_NAME, CONTACT, PHONE, FAX, EMAIL, INDUSTRY, CREATED_AT, CREATED_BY) VALUES (123, 'D', 123, '苏州上升展览装饰工程有限公司', '裴健', '65720061', '65720061-806' ,'iamteijian@126.com','ZLGC', NOW(), 1);

INSERT INTO CM_PROFILE (ID, FULLNAME, TITLE, MOBILE, CREATED_AT, CREATED_BY) VALUES (124, '刘春明', '总经理', '13073388888', NOW(), 1);
INSERT INTO CM_USER (ID, USERNAME, PASSWORD, PROFILE_ID, CREATED_AT, CREATED_BY) VALUES (124, '13073388888', '$2a$10$7wZkNXX/Ij1QpfInxzfrQuvTrYaHBjLgj7HJ72QDjMc8lXvXXNXOu', 124, NOW(), 1);
INSERT INTO CM_GROUP_USER (GROUP_ID, USER_ID) VALUES (103, 124);
INSERT INTO CM_ROLE_USER (ROLE_ID, USER_ID) VALUES (103, 124);
INSERT INTO CR_CUSTOMER (ID, TYPE, LOGIN_USER_ID, COMPANY_NAME, CONTACT, PHONE, FAX, EMAIL, INDUSTRY, CREATED_AT, CREATED_BY) VALUES (124, 'D', 124, '苏州城博会展有限公司', '刘春明', '62584369', '' ,'','ZLGC', NOW(), 1);

INSERT INTO CM_PROFILE (ID, FULLNAME, TITLE, MOBILE, CREATED_AT, CREATED_BY) VALUES (125, '张维蔚', '行政', '13812622287', NOW(), 1);
INSERT INTO CM_USER (ID, USERNAME, PASSWORD, PROFILE_ID, CREATED_AT, CREATED_BY) VALUES (125, '13812622287', '$2a$10$7wZkNXX/Ij1QpfInxzfrQuvTrYaHBjLgj7HJ72QDjMc8lXvXXNXOu', 125, NOW(), 1);
INSERT INTO CM_GROUP_USER (GROUP_ID, USER_ID) VALUES (103, 125);
INSERT INTO CM_ROLE_USER (ROLE_ID, USER_ID) VALUES (103, 125);
INSERT INTO CR_CUSTOMER (ID, TYPE, LOGIN_USER_ID, COMPANY_NAME, CONTACT, PHONE, FAX, EMAIL, INDUSTRY, CREATED_AT, CREATED_BY) VALUES (125, 'D', 125, '合群公关顾问有限公司', '张维蔚', '62967808', '62967809' ,'121921635@qq.com','GGCM', NOW(), 1);

INSERT INTO CM_PROFILE (ID, FULLNAME, TITLE, MOBILE, CREATED_AT, CREATED_BY) VALUES (126, '郑玲', '营销总监', '13915503031', NOW(), 1);
INSERT INTO CM_USER (ID, USERNAME, PASSWORD, PROFILE_ID, CREATED_AT, CREATED_BY) VALUES (126, '13915503031', '$2a$10$7wZkNXX/Ij1QpfInxzfrQuvTrYaHBjLgj7HJ72QDjMc8lXvXXNXOu', 126, NOW(), 1);
INSERT INTO CM_GROUP_USER (GROUP_ID, USER_ID) VALUES (103, 126);
INSERT INTO CM_ROLE_USER (ROLE_ID, USER_ID) VALUES (103, 126);
INSERT INTO CR_CUSTOMER (ID, TYPE, LOGIN_USER_ID, COMPANY_NAME, CONTACT, PHONE, FAX, EMAIL, INDUSTRY, CREATED_AT, CREATED_BY) VALUES (126, 'D', 126, '苏州胥城大厦有限公司', '郑玲', '68286688', '68271117' ,'sherrizheng05@castlehotel.com.cn','JD', NOW(), 1);

INSERT INTO CM_PROFILE (ID, FULLNAME, TITLE, MOBILE, CREATED_AT, CREATED_BY) VALUES (127, '徐海雄', '销售总监', '13402571507', NOW(), 1);
INSERT INTO CM_USER (ID, USERNAME, PASSWORD, PROFILE_ID, CREATED_AT, CREATED_BY) VALUES (127, '13402571507', '$2a$10$7wZkNXX/Ij1QpfInxzfrQuvTrYaHBjLgj7HJ72QDjMc8lXvXXNXOu', 127, NOW(), 1);
INSERT INTO CM_GROUP_USER (GROUP_ID, USER_ID) VALUES (103, 127);
INSERT INTO CM_ROLE_USER (ROLE_ID, USER_ID) VALUES (103, 127);
INSERT INTO CR_CUSTOMER (ID, TYPE, LOGIN_USER_ID, COMPANY_NAME, CONTACT, PHONE, FAX, EMAIL, INDUSTRY, CREATED_AT, CREATED_BY) VALUES (127, 'D', 127, '苏州维景国际大酒店', '徐海雄', '62800666', '62920777' ,'ike.xu@hkctshotels.com','JD', NOW(), 1);

INSERT INTO CM_PROFILE (ID, FULLNAME, TITLE, MOBILE, CREATED_AT, CREATED_BY) VALUES (128, '苏鸣', '总经理', '13802775578', NOW(), 1);
INSERT INTO CM_USER (ID, USERNAME, PASSWORD, PROFILE_ID, CREATED_AT, CREATED_BY) VALUES (128, '13802775578', '$2a$10$7wZkNXX/Ij1QpfInxzfrQuvTrYaHBjLgj7HJ72QDjMc8lXvXXNXOu', 128, NOW(), 1);
INSERT INTO CM_GROUP_USER (GROUP_ID, USER_ID) VALUES (103, 128);
INSERT INTO CM_ROLE_USER (ROLE_ID, USER_ID) VALUES (103, 128);
INSERT INTO CR_CUSTOMER (ID, TYPE, LOGIN_USER_ID, COMPANY_NAME, CONTACT, PHONE, FAX, EMAIL, INDUSTRY, CREATED_AT, CREATED_BY) VALUES (128, 'D', 128, '苏州市礼顿酒店有限公司', '苏鸣', '67333888', '67333666' ,'59007612@qq.com','JD', NOW(), 1);

INSERT INTO CM_PROFILE (ID, FULLNAME, TITLE, MOBILE, CREATED_AT, CREATED_BY) VALUES (129, '张跃跃', '销售总监', '13913108321', NOW(), 1);
INSERT INTO CM_USER (ID, USERNAME, PASSWORD, PROFILE_ID, CREATED_AT, CREATED_BY) VALUES (129, '13913108321', '$2a$10$7wZkNXX/Ij1QpfInxzfrQuvTrYaHBjLgj7HJ72QDjMc8lXvXXNXOu', 129, NOW(), 1);
INSERT INTO CM_GROUP_USER (GROUP_ID, USER_ID) VALUES (103, 129);
INSERT INTO CM_ROLE_USER (ROLE_ID, USER_ID) VALUES (103, 129);
INSERT INTO CR_CUSTOMER (ID, TYPE, LOGIN_USER_ID, COMPANY_NAME, CONTACT, PHONE, FAX, EMAIL, INDUSTRY, CREATED_AT, CREATED_BY) VALUES (129, 'D', 129, '吴宫泛太平洋酒店', '张跃跃', '65103388', '65190918' ,'enquiry.ppszv@panpacific.com','JD', NOW(), 1);

INSERT INTO CM_PROFILE (ID, FULLNAME, TITLE, MOBILE, CREATED_AT, CREATED_BY) VALUES (130, '李瑞丽', '商务管理系副主任', '15895584602', NOW(), 1);
INSERT INTO CM_USER (ID, USERNAME, PASSWORD, PROFILE_ID, CREATED_AT, CREATED_BY) VALUES (130, '15895584602', '$2a$10$7wZkNXX/Ij1QpfInxzfrQuvTrYaHBjLgj7HJ72QDjMc8lXvXXNXOu', 130, NOW(), 1);
INSERT INTO CM_GROUP_USER (GROUP_ID, USER_ID) VALUES (103, 130);
INSERT INTO CM_ROLE_USER (ROLE_ID, USER_ID) VALUES (103, 130);
INSERT INTO CR_CUSTOMER (ID, TYPE, LOGIN_USER_ID, COMPANY_NAME, CONTACT, PHONE, FAX, EMAIL, INDUSTRY, CREATED_AT, CREATED_BY) VALUES (130, 'B', 130, '苏州工业园区服务外包职业学院', '李瑞丽', '62932810', '62932000' ,'lirl@siso.edu.cn','JYPX', NOW(), 1);

INSERT INTO CM_PROFILE (ID, FULLNAME, TITLE, MOBILE, CREATED_AT, CREATED_BY) VALUES (131, '郗亚坤', '系主任', '13656218179', NOW(), 1);
INSERT INTO CM_USER (ID, USERNAME, PASSWORD, PROFILE_ID, CREATED_AT, CREATED_BY) VALUES (131, '13656218179', '$2a$10$7wZkNXX/Ij1QpfInxzfrQuvTrYaHBjLgj7HJ72QDjMc8lXvXXNXOu', 131, NOW(), 1);
INSERT INTO CM_GROUP_USER (GROUP_ID, USER_ID) VALUES (103, 131);
INSERT INTO CM_ROLE_USER (ROLE_ID, USER_ID) VALUES (103, 131);
INSERT INTO CR_CUSTOMER (ID, TYPE, LOGIN_USER_ID, COMPANY_NAME, CONTACT, PHONE, FAX, EMAIL, INDUSTRY, CREATED_AT, CREATED_BY) VALUES (131, 'D', 131, '苏州工业园区职业技术学院', '郗亚坤', '62557019', '62557019' ,'xiyakun@sina.com','JYPX', NOW(), 1);

INSERT INTO CM_PROFILE (ID, FULLNAME, TITLE, MOBILE, CREATED_AT, CREATED_BY) VALUES (132, '袁俏', '项目经理', '15850062287', NOW(), 1);
INSERT INTO CM_USER (ID, USERNAME, PASSWORD, PROFILE_ID, CREATED_AT, CREATED_BY) VALUES (132, '15850062287', '$2a$10$7wZkNXX/Ij1QpfInxzfrQuvTrYaHBjLgj7HJ72QDjMc8lXvXXNXOu', 132, NOW(), 1);
INSERT INTO CM_GROUP_USER (GROUP_ID, USER_ID) VALUES (103, 132);
INSERT INTO CM_ROLE_USER (ROLE_ID, USER_ID) VALUES (103, 132);
INSERT INTO CR_CUSTOMER (ID, TYPE, LOGIN_USER_ID, COMPANY_NAME, CONTACT, PHONE, FAX, EMAIL, INDUSTRY, CREATED_AT, CREATED_BY) VALUES (132, 'D', 132, '苏州易世达信息科技有限公司', '袁俏', '82252613', '82252613' ,'yuanqiao419@gmail.com','HZFW', NOW(), 1);

INSERT INTO CM_PROFILE (ID, FULLNAME, TITLE, MOBILE, CREATED_AT, CREATED_BY) VALUES (133, '丁焱', '经理', '13013798228', NOW(), 1);
INSERT INTO CM_USER (ID, USERNAME, PASSWORD, PROFILE_ID, CREATED_AT, CREATED_BY) VALUES (133, '13013798228', '$2a$10$7wZkNXX/Ij1QpfInxzfrQuvTrYaHBjLgj7HJ72QDjMc8lXvXXNXOu', 133, NOW(), 1);
INSERT INTO CM_GROUP_USER (GROUP_ID, USER_ID) VALUES (103, 133);
INSERT INTO CM_ROLE_USER (ROLE_ID, USER_ID) VALUES (103, 133);
INSERT INTO CR_CUSTOMER (ID, TYPE, LOGIN_USER_ID, COMPANY_NAME, CONTACT, PHONE, FAX, EMAIL, INDUSTRY, CREATED_AT, CREATED_BY) VALUES (133, 'D', 133, '苏州市大志电子商务服务中心', '丁焱', '65305063', '69131433' ,'info@51atc.net','HZFW', NOW(), 1);

INSERT INTO CM_PROFILE (ID, FULLNAME, TITLE, MOBILE, CREATED_AT, CREATED_BY) VALUES (134, '沈正龙', '总经理', '13511608399', NOW(), 1);
INSERT INTO CM_USER (ID, USERNAME, PASSWORD, PROFILE_ID, CREATED_AT, CREATED_BY) VALUES (134, '13511608399', '$2a$10$7wZkNXX/Ij1QpfInxzfrQuvTrYaHBjLgj7HJ72QDjMc8lXvXXNXOu', 134, NOW(), 1);
INSERT INTO CM_GROUP_USER (GROUP_ID, USER_ID) VALUES (103, 134);
INSERT INTO CM_ROLE_USER (ROLE_ID, USER_ID) VALUES (103, 134);
INSERT INTO CR_CUSTOMER (ID, TYPE, LOGIN_USER_ID, COMPANY_NAME, CONTACT, PHONE, FAX, EMAIL, INDUSTRY, CREATED_AT, CREATED_BY) VALUES (134, 'D', 134, '苏州傲胜文化传播有限公司', '沈正龙', '66876906', '66876906' ,'656608069@qq.com','GGCM', NOW(), 1);

INSERT INTO CM_PROFILE (ID, FULLNAME, TITLE, MOBILE, CREATED_AT, CREATED_BY) VALUES (135, '唐志丞', '总裁', '13306268468', NOW(), 1);
INSERT INTO CM_USER (ID, USERNAME, PASSWORD, PROFILE_ID, CREATED_AT, CREATED_BY) VALUES (135, '13306268468', '$2a$10$7wZkNXX/Ij1QpfInxzfrQuvTrYaHBjLgj7HJ72QDjMc8lXvXXNXOu', 135, NOW(), 1);
INSERT INTO CM_GROUP_USER (GROUP_ID, USER_ID) VALUES (103, 135);
INSERT INTO CM_ROLE_USER (ROLE_ID, USER_ID) VALUES (103, 135);
INSERT INTO CR_CUSTOMER (ID, TYPE, LOGIN_USER_ID, COMPANY_NAME, CONTACT, PHONE, FAX, EMAIL, INDUSTRY, CREATED_AT, CREATED_BY) VALUES (135, 'D', 135, '江苏万思国际传媒机构', '唐志丞', '67550998', '67551977' ,'wscm168@163.com','GGCM', NOW(), 1);

INSERT INTO CM_PROFILE (ID, FULLNAME, TITLE, MOBILE, CREATED_AT, CREATED_BY) VALUES (136, '王惜纯', '总助', '13906139120', NOW(), 1);
INSERT INTO CM_USER (ID, USERNAME, PASSWORD, PROFILE_ID, CREATED_AT, CREATED_BY) VALUES (136, '13906139120', '$2a$10$7wZkNXX/Ij1QpfInxzfrQuvTrYaHBjLgj7HJ72QDjMc8lXvXXNXOu', 136, NOW(), 1);
INSERT INTO CM_GROUP_USER (GROUP_ID, USER_ID) VALUES (103, 136);
INSERT INTO CM_ROLE_USER (ROLE_ID, USER_ID) VALUES (103, 136);
INSERT INTO CR_CUSTOMER (ID, TYPE, LOGIN_USER_ID, COMPANY_NAME, CONTACT, PHONE, FAX, EMAIL, INDUSTRY, CREATED_AT, CREATED_BY) VALUES (136, 'D', 136, '苏州文化国际旅行社', '王惜纯', '62805018', '62804007' ,'zhoupei001@126.com','HYFW', NOW(), 1);

INSERT INTO CM_PROFILE (ID, FULLNAME, TITLE, MOBILE, CREATED_AT, CREATED_BY) VALUES (137, '熊珊', '会务总监', '13402644559', NOW(), 1);
INSERT INTO CM_USER (ID, USERNAME, PASSWORD, PROFILE_ID, CREATED_AT, CREATED_BY) VALUES (137, '13402644559', '$2a$10$7wZkNXX/Ij1QpfInxzfrQuvTrYaHBjLgj7HJ72QDjMc8lXvXXNXOu', 137, NOW(), 1);
INSERT INTO CM_GROUP_USER (GROUP_ID, USER_ID) VALUES (103, 137);
INSERT INTO CM_ROLE_USER (ROLE_ID, USER_ID) VALUES (103, 137);
INSERT INTO CR_CUSTOMER (ID, TYPE, LOGIN_USER_ID, COMPANY_NAME, CONTACT, PHONE, FAX, EMAIL, INDUSTRY, CREATED_AT, CREATED_BY) VALUES (137, 'D', 137, '迪诺曼（苏州）科技服务有限公司', '熊珊', '62831369', '67620978' ,'susan.xiong@diploma.com','FWS', NOW(), 1);

INSERT INTO CM_PROFILE (ID, FULLNAME, TITLE, MOBILE, CREATED_AT, CREATED_BY) VALUES (138, '薛君吾', '副总经理', '13814839726', NOW(), 1);
INSERT INTO CM_USER (ID, USERNAME, PASSWORD, PROFILE_ID, CREATED_AT, CREATED_BY) VALUES (138, '13814839726', '$2a$10$7wZkNXX/Ij1QpfInxzfrQuvTrYaHBjLgj7HJ72QDjMc8lXvXXNXOu', 138, NOW(), 1);
INSERT INTO CM_GROUP_USER (GROUP_ID, USER_ID) VALUES (103, 138);
INSERT INTO CM_ROLE_USER (ROLE_ID, USER_ID) VALUES (103, 138);
INSERT INTO CR_CUSTOMER (ID, TYPE, LOGIN_USER_ID, COMPANY_NAME, CONTACT, PHONE, FAX, EMAIL, INDUSTRY, CREATED_AT, CREATED_BY) VALUES (138, 'C', 138, '苏州外事旅游车船公司', '薛君吾', '65771971/65859919', '' ,'4053971@qq.com','HZFW', NOW(), 1);

INSERT INTO CM_PROFILE (ID, FULLNAME, TITLE, MOBILE, CREATED_AT, CREATED_BY) VALUES (139, '王航', '副总经理', '18912774808', NOW(), 1);
INSERT INTO CM_USER (ID, USERNAME, PASSWORD, PROFILE_ID, CREATED_AT, CREATED_BY) VALUES (139, '18912774808', '$2a$10$7wZkNXX/Ij1QpfInxzfrQuvTrYaHBjLgj7HJ72QDjMc8lXvXXNXOu', 139, NOW(), 1);
INSERT INTO CM_GROUP_USER (GROUP_ID, USER_ID) VALUES (103, 139);
INSERT INTO CM_ROLE_USER (ROLE_ID, USER_ID) VALUES (103, 139);
INSERT INTO CR_CUSTOMER (ID, TYPE, LOGIN_USER_ID, COMPANY_NAME, CONTACT, PHONE, FAX, EMAIL, INDUSTRY, CREATED_AT, CREATED_BY) VALUES (139, 'D', 139, '苏州博睿多媒体技术有限公司', '王航', '67729220', '67729223' ,'','GGCM', NOW(), 1);

INSERT INTO CM_PROFILE (ID, FULLNAME, TITLE, MOBILE, CREATED_AT, CREATED_BY) VALUES (140, '崔庆生', '总经理', '13913212486', NOW(), 1);
INSERT INTO CM_USER (ID, USERNAME, PASSWORD, PROFILE_ID, CREATED_AT, CREATED_BY) VALUES (140, '13913212486', '$2a$10$7wZkNXX/Ij1QpfInxzfrQuvTrYaHBjLgj7HJ72QDjMc8lXvXXNXOu', 140, NOW(), 1);
INSERT INTO CM_GROUP_USER (GROUP_ID, USER_ID) VALUES (103, 140);
INSERT INTO CM_ROLE_USER (ROLE_ID, USER_ID) VALUES (103, 140);
INSERT INTO CR_CUSTOMER (ID, TYPE, LOGIN_USER_ID, COMPANY_NAME, CONTACT, PHONE, FAX, EMAIL, INDUSTRY, CREATED_AT, CREATED_BY) VALUES (140, 'D', 140, '苏州典唐建设工程有限公司', '崔庆生', '53547996', '53547996' ,'','ZLGC', NOW(), 1);

INSERT INTO CM_PROFILE (ID, FULLNAME, TITLE, MOBILE, CREATED_AT, CREATED_BY) VALUES (141, '吴李琴', '人事行政部经理', '13862671041', NOW(), 1);
INSERT INTO CM_USER (ID, USERNAME, PASSWORD, PROFILE_ID, CREATED_AT, CREATED_BY) VALUES (141, '13862671041', '$2a$10$7wZkNXX/Ij1QpfInxzfrQuvTrYaHBjLgj7HJ72QDjMc8lXvXXNXOu', 141, NOW(), 1);
INSERT INTO CM_GROUP_USER (GROUP_ID, USER_ID) VALUES (103, 141);
INSERT INTO CM_ROLE_USER (ROLE_ID, USER_ID) VALUES (103, 141);
INSERT INTO CR_CUSTOMER (ID, TYPE, LOGIN_USER_ID, COMPANY_NAME, CONTACT, PHONE, FAX, EMAIL, INDUSTRY, CREATED_AT, CREATED_BY) VALUES (141, 'C', 141, '苏州通广尚品广告有限公司', '吴李琴', '57366999', '57366998' ,'aillen.wu@tog.com.cn','GGCM', NOW(), 1);

INSERT INTO CM_PROFILE (ID, FULLNAME, TITLE, MOBILE, CREATED_AT, CREATED_BY) VALUES (142, '王丽霞', '总经理助理', '15370088880', NOW(), 1);
INSERT INTO CM_USER (ID, USERNAME, PASSWORD, PROFILE_ID, CREATED_AT, CREATED_BY) VALUES (142, '15370088880', '$2a$10$7wZkNXX/Ij1QpfInxzfrQuvTrYaHBjLgj7HJ72QDjMc8lXvXXNXOu', 142, NOW(), 1);
INSERT INTO CM_GROUP_USER (GROUP_ID, USER_ID) VALUES (103, 142);
INSERT INTO CM_ROLE_USER (ROLE_ID, USER_ID) VALUES (103, 142);
INSERT INTO CR_CUSTOMER (ID, TYPE, LOGIN_USER_ID, COMPANY_NAME, CONTACT, PHONE, FAX, EMAIL, INDUSTRY, CREATED_AT, CREATED_BY) VALUES (142, 'C', 142, '苏州旭智设计营造有限公司', '王丽霞', '0512-62571886', '0512-62571886-8005' ,'sunidea99@163.com','GGCM', NOW(), 1);

INSERT INTO CM_PROFILE (ID, FULLNAME, TITLE, MOBILE, CREATED_AT, CREATED_BY) VALUES (143, '沈峰', '项目经理', '18662188805', NOW(), 1);
INSERT INTO CM_USER (ID, USERNAME, PASSWORD, PROFILE_ID, CREATED_AT, CREATED_BY) VALUES (143, '18662188805', '$2a$10$7wZkNXX/Ij1QpfInxzfrQuvTrYaHBjLgj7HJ72QDjMc8lXvXXNXOu', 143, NOW(), 1);
INSERT INTO CM_GROUP_USER (GROUP_ID, USER_ID) VALUES (103, 143);
INSERT INTO CM_ROLE_USER (ROLE_ID, USER_ID) VALUES (103, 143);
INSERT INTO CR_CUSTOMER (ID, TYPE, LOGIN_USER_ID, COMPANY_NAME, CONTACT, PHONE, FAX, EMAIL, INDUSTRY, CREATED_AT, CREATED_BY) VALUES (143, 'C', 143, '苏州市文化经济发展总公司', '沈峰', '65154050', '65154052' ,'183592045@qq.com','ZBF', NOW(), 1);

INSERT INTO CM_PROFILE (ID, FULLNAME, TITLE, MOBILE, CREATED_AT, CREATED_BY) VALUES (144, '景卫', '总经理', '18551285188', NOW(), 1);
INSERT INTO CM_USER (ID, USERNAME, PASSWORD, PROFILE_ID, CREATED_AT, CREATED_BY) VALUES (144, '18551285188', '$2a$10$7wZkNXX/Ij1QpfInxzfrQuvTrYaHBjLgj7HJ72QDjMc8lXvXXNXOu', 144, NOW(), 1);
INSERT INTO CM_GROUP_USER (GROUP_ID, USER_ID) VALUES (103, 144);
INSERT INTO CM_ROLE_USER (ROLE_ID, USER_ID) VALUES (103, 144);
INSERT INTO CR_CUSTOMER (ID, TYPE, LOGIN_USER_ID, COMPANY_NAME, CONTACT, PHONE, FAX, EMAIL, INDUSTRY, CREATED_AT, CREATED_BY) VALUES (144, 'D', 144, '苏州楷呈会议展览服务有限公司', '景卫', '', '' ,'jw@ikaicheng.com','ZBF', NOW(), 1);

INSERT INTO CM_PROFILE (ID, FULLNAME, TITLE, MOBILE, CREATED_AT, CREATED_BY) VALUES (145, '梅晶', '销售总监', '13862143703', NOW(), 1);
INSERT INTO CM_USER (ID, USERNAME, PASSWORD, PROFILE_ID, CREATED_AT, CREATED_BY) VALUES (145, '13862143703', '$2a$10$7wZkNXX/Ij1QpfInxzfrQuvTrYaHBjLgj7HJ72QDjMc8lXvXXNXOu', 145, NOW(), 1);
INSERT INTO CM_GROUP_USER (GROUP_ID, USER_ID) VALUES (103, 145);
INSERT INTO CM_ROLE_USER (ROLE_ID, USER_ID) VALUES (103, 145);
INSERT INTO CR_CUSTOMER (ID, TYPE, LOGIN_USER_ID, COMPANY_NAME, CONTACT, PHONE, FAX, EMAIL, INDUSTRY, CREATED_AT, CREATED_BY) VALUES (145, 'D', 145, '苏州洲际酒店', '梅晶', '0512-62858888-6808', '0512-62965920' ,'jimmy.mei@ihg.com','JD', NOW(), 1);

INSERT INTO CM_PROFILE (ID, FULLNAME, TITLE, MOBILE, CREATED_AT, CREATED_BY) VALUES (146, '陈晓如', '', '13912636467', NOW(), 1);
INSERT INTO CM_USER (ID, USERNAME, PASSWORD, PROFILE_ID, CREATED_AT, CREATED_BY) VALUES (146, '13912636467', '$2a$10$7wZkNXX/Ij1QpfInxzfrQuvTrYaHBjLgj7HJ72QDjMc8lXvXXNXOu', 146, NOW(), 1);
INSERT INTO CM_GROUP_USER (GROUP_ID, USER_ID) VALUES (103, 146);
INSERT INTO CM_ROLE_USER (ROLE_ID, USER_ID) VALUES (103, 146);
INSERT INTO CR_CUSTOMER (ID, TYPE, LOGIN_USER_ID, COMPANY_NAME, CONTACT, PHONE, FAX, EMAIL, INDUSTRY, CREATED_AT, CREATED_BY) VALUES (146, 'D', 146, '奥克坦姆系统科技（苏州）有限公司', '陈晓如', '62833338', '62833330' ,'','ZLGC', NOW(), 1);

INSERT INTO CM_PROFILE (ID, FULLNAME, TITLE, MOBILE, CREATED_AT, CREATED_BY) VALUES (147, '唐', '', '15952416105', NOW(), 1);
INSERT INTO CM_USER (ID, USERNAME, PASSWORD, PROFILE_ID, CREATED_AT, CREATED_BY) VALUES (147, '15952416105', '$2a$10$7wZkNXX/Ij1QpfInxzfrQuvTrYaHBjLgj7HJ72QDjMc8lXvXXNXOu', 147, NOW(), 1);
INSERT INTO CM_GROUP_USER (GROUP_ID, USER_ID) VALUES (103, 147);
INSERT INTO CM_ROLE_USER (ROLE_ID, USER_ID) VALUES (103, 147);
INSERT INTO CR_CUSTOMER (ID, TYPE, LOGIN_USER_ID, COMPANY_NAME, CONTACT, PHONE, FAX, EMAIL, INDUSTRY, CREATED_AT, CREATED_BY) VALUES (147, 'D', 147, '三斯会展服务公司', '唐', '66185930', '66185930' ,'920944076@qq.com','ZLGC', NOW(), 1);

INSERT INTO CM_PROFILE (ID, FULLNAME, TITLE, MOBILE, CREATED_AT, CREATED_BY) VALUES (148, '陈栋梁', '', '15862518522', NOW(), 1);
INSERT INTO CM_USER (ID, USERNAME, PASSWORD, PROFILE_ID, CREATED_AT, CREATED_BY) VALUES (148, '15862518522', '$2a$10$7wZkNXX/Ij1QpfInxzfrQuvTrYaHBjLgj7HJ72QDjMc8lXvXXNXOu', 148, NOW(), 1);
INSERT INTO CM_GROUP_USER (GROUP_ID, USER_ID) VALUES (103, 148);
INSERT INTO CM_ROLE_USER (ROLE_ID, USER_ID) VALUES (103, 148);
INSERT INTO CR_CUSTOMER (ID, TYPE, LOGIN_USER_ID, COMPANY_NAME, CONTACT, PHONE, FAX, EMAIL, INDUSTRY, CREATED_AT, CREATED_BY) VALUES (148, 'D', 148, '苏州骞腾丝绸展览有限公司', '陈栋梁', '', '' ,'rog@silksuzhou.com','ZBF', NOW(), 1);

INSERT INTO CM_PROFILE (ID, FULLNAME, TITLE, MOBILE, CREATED_AT, CREATED_BY) VALUES (149, '沈峰', '项目经理', '18662188805', NOW(), 1);
INSERT INTO CM_USER (ID, USERNAME, PASSWORD, PROFILE_ID, CREATED_AT, CREATED_BY) VALUES (149, '18662188805', '$2a$10$7wZkNXX/Ij1QpfInxzfrQuvTrYaHBjLgj7HJ72QDjMc8lXvXXNXOu', 149, NOW(), 1);
INSERT INTO CM_GROUP_USER (GROUP_ID, USER_ID) VALUES (103, 149);
INSERT INTO CM_ROLE_USER (ROLE_ID, USER_ID) VALUES (103, 149);
INSERT INTO CR_CUSTOMER (ID, TYPE, LOGIN_USER_ID, COMPANY_NAME, CONTACT, PHONE, FAX, EMAIL, INDUSTRY, CREATED_AT, CREATED_BY) VALUES (149, 'C', 149, '苏州市文化经济发展总公司', '沈峰', '65154050', '65154052' ,'183592045@qq.com','ZBF', NOW(), 1);

INSERT INTO CM_PROFILE (ID, FULLNAME, TITLE, MOBILE, CREATED_AT, CREATED_BY) VALUES (150, '何旭红', '', '15051552394', NOW(), 1);
INSERT INTO CM_USER (ID, USERNAME, PASSWORD, PROFILE_ID, CREATED_AT, CREATED_BY) VALUES (150, '15051552394', '$2a$10$7wZkNXX/Ij1QpfInxzfrQuvTrYaHBjLgj7HJ72QDjMc8lXvXXNXOu', 150, NOW(), 1);
INSERT INTO CM_GROUP_USER (GROUP_ID, USER_ID) VALUES (103, 150);
INSERT INTO CM_ROLE_USER (ROLE_ID, USER_ID) VALUES (103, 150);
INSERT INTO CR_CUSTOMER (ID, TYPE, LOGIN_USER_ID, COMPANY_NAME, CONTACT, PHONE, FAX, EMAIL, INDUSTRY, CREATED_AT, CREATED_BY) VALUES (150, 'D', 150, '苏州万事达展览公司', '何旭红', '', '13057447303' ,'','ZBF', NOW(), 1);

INSERT INTO CM_PROFILE (ID, FULLNAME, TITLE, MOBILE, CREATED_AT, CREATED_BY) VALUES (151, '蔡军', '副总经理', '13913577875', NOW(), 1);
INSERT INTO CM_USER (ID, USERNAME, PASSWORD, PROFILE_ID, CREATED_AT, CREATED_BY) VALUES (151, '13913577875', '$2a$10$7wZkNXX/Ij1QpfInxzfrQuvTrYaHBjLgj7HJ72QDjMc8lXvXXNXOu', 151, NOW(), 1);
INSERT INTO CM_GROUP_USER (GROUP_ID, USER_ID) VALUES (103, 151);
INSERT INTO CM_ROLE_USER (ROLE_ID, USER_ID) VALUES (103, 151);
INSERT INTO CR_CUSTOMER (ID, TYPE, LOGIN_USER_ID, COMPANY_NAME, CONTACT, PHONE, FAX, EMAIL, INDUSTRY, CREATED_AT, CREATED_BY) VALUES (151, 'D', 151, '苏州德可信广告装饰工程有限公司', '蔡军', '68850058', '65836626' ,'dkxin0512@126.com','ZLGC', NOW(), 1);

INSERT INTO CM_PROFILE (ID, FULLNAME, TITLE, MOBILE, CREATED_AT, CREATED_BY) VALUES (152, '贾骏', '展览部经理', '13218868687', NOW(), 1);
INSERT INTO CM_USER (ID, USERNAME, PASSWORD, PROFILE_ID, CREATED_AT, CREATED_BY) VALUES (152, '13218868687', '$2a$10$7wZkNXX/Ij1QpfInxzfrQuvTrYaHBjLgj7HJ72QDjMc8lXvXXNXOu', 152, NOW(), 1);
INSERT INTO CM_GROUP_USER (GROUP_ID, USER_ID) VALUES (103, 152);
INSERT INTO CM_ROLE_USER (ROLE_ID, USER_ID) VALUES (103, 152);
INSERT INTO CR_CUSTOMER (ID, TYPE, LOGIN_USER_ID, COMPANY_NAME, CONTACT, PHONE, FAX, EMAIL, INDUSTRY, CREATED_AT, CREATED_BY) VALUES (152, 'C', 152, '苏州工业园区嘉都广告有限公司', '贾骏', '66608800', '66608806' ,'1640719586@qq.com','GGCM', NOW(), 1);

INSERT INTO CM_PROFILE (ID, FULLNAME, TITLE, MOBILE, CREATED_AT, CREATED_BY) VALUES (153, '姜世海', '总经理', '13862113921', NOW(), 1);
INSERT INTO CM_USER (ID, USERNAME, PASSWORD, PROFILE_ID, CREATED_AT, CREATED_BY) VALUES (153, '13862113921', '$2a$10$7wZkNXX/Ij1QpfInxzfrQuvTrYaHBjLgj7HJ72QDjMc8lXvXXNXOu', 153, NOW(), 1);
INSERT INTO CM_GROUP_USER (GROUP_ID, USER_ID) VALUES (103, 153);
INSERT INTO CM_ROLE_USER (ROLE_ID, USER_ID) VALUES (103, 153);
INSERT INTO CR_CUSTOMER (ID, TYPE, LOGIN_USER_ID, COMPANY_NAME, CONTACT, PHONE, FAX, EMAIL, INDUSTRY, CREATED_AT, CREATED_BY) VALUES (153, 'B', 153, '苏州工业园区雅式展览商务有限公司', '姜世海', '65836616', '65517110' ,'yashiexpo@163.com','ZLGC', NOW(), 1);

INSERT INTO CM_PROFILE (ID, FULLNAME, TITLE, MOBILE, CREATED_AT, CREATED_BY) VALUES (154, '曹衍平', '', '18262036595', NOW(), 1);
INSERT INTO CM_USER (ID, USERNAME, PASSWORD, PROFILE_ID, CREATED_AT, CREATED_BY) VALUES (154, '18262036595', '$2a$10$7wZkNXX/Ij1QpfInxzfrQuvTrYaHBjLgj7HJ72QDjMc8lXvXXNXOu', 154, NOW(), 1);
INSERT INTO CM_GROUP_USER (GROUP_ID, USER_ID) VALUES (103, 154);
INSERT INTO CM_ROLE_USER (ROLE_ID, USER_ID) VALUES (103, 154);
INSERT INTO CR_CUSTOMER (ID, TYPE, LOGIN_USER_ID, COMPANY_NAME, CONTACT, PHONE, FAX, EMAIL, INDUSTRY, CREATED_AT, CREATED_BY) VALUES (154, 'D', 154, '北京文澜文化发展有限公司', '曹衍平', '', '' ,'wr041@126.com','GGCM', NOW(), 1);

INSERT INTO CM_PROFILE (ID, FULLNAME, TITLE, MOBILE, CREATED_AT, CREATED_BY) VALUES (155, '唐勇', '经理', '15051544389', NOW(), 1);
INSERT INTO CM_USER (ID, USERNAME, PASSWORD, PROFILE_ID, CREATED_AT, CREATED_BY) VALUES (155, '15051544389', '$2a$10$7wZkNXX/Ij1QpfInxzfrQuvTrYaHBjLgj7HJ72QDjMc8lXvXXNXOu', 155, NOW(), 1);
INSERT INTO CM_GROUP_USER (GROUP_ID, USER_ID) VALUES (103, 155);
INSERT INTO CM_ROLE_USER (ROLE_ID, USER_ID) VALUES (103, 155);
INSERT INTO CR_CUSTOMER (ID, TYPE, LOGIN_USER_ID, COMPANY_NAME, CONTACT, PHONE, FAX, EMAIL, INDUSTRY, CREATED_AT, CREATED_BY) VALUES (155, 'D', 155, '苏州华影传媒文化发展有限公司', '唐勇', '0512-67557750', '' ,'wxk800923@163.com','GGCM', NOW(), 1);

INSERT INTO CM_PROFILE (ID, FULLNAME, TITLE, MOBILE, CREATED_AT, CREATED_BY) VALUES (156, '时一松', '人事经理', '15950092759', NOW(), 1);
INSERT INTO CM_USER (ID, USERNAME, PASSWORD, PROFILE_ID, CREATED_AT, CREATED_BY) VALUES (156, '15950092759', '$2a$10$7wZkNXX/Ij1QpfInxzfrQuvTrYaHBjLgj7HJ72QDjMc8lXvXXNXOu', 156, NOW(), 1);
INSERT INTO CM_GROUP_USER (GROUP_ID, USER_ID) VALUES (103, 156);
INSERT INTO CM_ROLE_USER (ROLE_ID, USER_ID) VALUES (103, 156);
INSERT INTO CR_CUSTOMER (ID, TYPE, LOGIN_USER_ID, COMPANY_NAME, CONTACT, PHONE, FAX, EMAIL, INDUSTRY, CREATED_AT, CREATED_BY) VALUES (156, 'D', 156, '苏州华恒展览服务有限公司', '时一松', '0512-81667972', '' ,'julyshi@126.com','ZLGC', NOW(), 1);