

INSERT INTO CM_PROFILE (ID, FULLNAME, TITLE, MOBILE, CREATED_AT, CREATED_BY) VALUES (157, '赵春燕', '', '', NOW(), 1);
INSERT INTO CM_USER (ID, USERNAME, PASSWORD, PROFILE_ID, CREATED_AT, CREATED_BY) VALUES (157, '', '$2a$10$7wZkNXX/Ij1QpfInxzfrQuvTrYaHBjLgj7HJ72QDjMc8lXvXXNXOu', 157, NOW(), 1);
INSERT INTO CM_GROUP_USER (GROUP_ID, USER_ID) VALUES (103, 157);
INSERT INTO CM_ROLE_USER (ROLE_ID, USER_ID) VALUES (103, 157);
INSERT INTO CR_CUSTOMER (ID, TYPE, LOGIN_USER_ID, COMPANY_NAME, CONTACT, PHONE, FAX, EMAIL, INDUSTRY, CREATED_AT, CREATED_BY) VALUES (157, 'D', 157, '苏州中茵皇冠酒店', '', '0512-67616688', '' ,'kiko.zhao@ihg.com','JD', NOW(), 1);

INSERT INTO CM_PROFILE (ID, FULLNAME, TITLE, MOBILE, CREATED_AT, CREATED_BY) VALUES (158, '余骏', '', '', NOW(), 1);
INSERT INTO CM_USER (ID, USERNAME, PASSWORD, PROFILE_ID, CREATED_AT, CREATED_BY) VALUES (158, '', '$2a$10$7wZkNXX/Ij1QpfInxzfrQuvTrYaHBjLgj7HJ72QDjMc8lXvXXNXOu', 158, NOW(), 1);
INSERT INTO CM_GROUP_USER (GROUP_ID, USER_ID) VALUES (103, 158);
INSERT INTO CM_ROLE_USER (ROLE_ID, USER_ID) VALUES (103, 158);
INSERT INTO CR_CUSTOMER (ID, TYPE, LOGIN_USER_ID, COMPANY_NAME, CONTACT, PHONE, FAX, EMAIL, INDUSTRY, CREATED_AT, CREATED_BY) VALUES (158, 'D', 158, '苏州华墨展览有限公司', '余骏', '', '' ,'','ZBF', NOW(), 1);

INSERT INTO CM_PROFILE (ID, FULLNAME, TITLE, MOBILE, CREATED_AT, CREATED_BY) VALUES (159, '丁尉', '副会长', '', NOW(), 1);
INSERT INTO CM_USER (ID, USERNAME, PASSWORD, PROFILE_ID, CREATED_AT, CREATED_BY) VALUES (159, '', '$2a$10$7wZkNXX/Ij1QpfInxzfrQuvTrYaHBjLgj7HJ72QDjMc8lXvXXNXOu', 159, NOW(), 1);
INSERT INTO CM_GROUP_USER (GROUP_ID, USER_ID) VALUES (103, 159);
INSERT INTO CM_ROLE_USER (ROLE_ID, USER_ID) VALUES (103, 159);
INSERT INTO CR_CUSTOMER (ID, TYPE, LOGIN_USER_ID, COMPANY_NAME, CONTACT, PHONE, FAX, EMAIL, INDUSTRY, CREATED_AT, CREATED_BY) VALUES (159, 'D', 159, '中国国际商会苏州商会', '丁尉', '' ,'', '','SH', NOW(), 1);

INSERT INTO CM_PROFILE (ID, FULLNAME, TITLE, MOBILE, CREATED_AT, CREATED_BY) VALUES (160, '桑其林', '', '', NOW(), 1);
INSERT INTO CM_USER (ID, USERNAME, PASSWORD, PROFILE_ID, CREATED_AT, CREATED_BY) VALUES (160, '', '$2a$10$7wZkNXX/Ij1QpfInxzfrQuvTrYaHBjLgj7HJ72QDjMc8lXvXXNXOu', 160, NOW(), 1);
INSERT INTO CM_GROUP_USER (GROUP_ID, USER_ID) VALUES (103, 160);
INSERT INTO CM_ROLE_USER (ROLE_ID, USER_ID) VALUES (103, 160);
INSERT INTO CR_CUSTOMER (ID, TYPE, LOGIN_USER_ID, COMPANY_NAME, CONTACT, PHONE, FAX, EMAIL, INDUSTRY, CREATED_AT, CREATED_BY) VALUES (160, 'D', 160, '苏州恒丰展览有限公司', '桑其林', '', '' ,'15366211618@126.com','ZBF', NOW(), 1);

INSERT INTO CM_PROFILE (ID, FULLNAME, TITLE, MOBILE, CREATED_AT, CREATED_BY) VALUES (161, '', '', '', NOW(), 1);
INSERT INTO CM_USER (ID, USERNAME, PASSWORD, PROFILE_ID, CREATED_AT, CREATED_BY) VALUES (161, '', '$2a$10$7wZkNXX/Ij1QpfInxzfrQuvTrYaHBjLgj7HJ72QDjMc8lXvXXNXOu', 161, NOW(), 1);
INSERT INTO CM_GROUP_USER (GROUP_ID, USER_ID) VALUES (103, 161);
INSERT INTO CM_ROLE_USER (ROLE_ID, USER_ID) VALUES (103, 161);
INSERT INTO CR_CUSTOMER (ID, TYPE, LOGIN_USER_ID, COMPANY_NAME, CONTACT, PHONE, FAX, EMAIL, INDUSTRY, CREATED_AT, CREATED_BY) VALUES (161, 'D', 161, '苏州运通国际会展服务有限公司', '', '0512-67550869-610', '' ,'','ZBF', NOW(), 1);

INSERT INTO CM_PROFILE (ID, FULLNAME, TITLE, MOBILE, CREATED_AT, CREATED_BY) VALUES (162, '', '', '', NOW(), 1);
INSERT INTO CM_USER (ID, USERNAME, PASSWORD, PROFILE_ID, CREATED_AT, CREATED_BY) VALUES (162, '', '$2a$10$7wZkNXX/Ij1QpfInxzfrQuvTrYaHBjLgj7HJ72QDjMc8lXvXXNXOu', 162, NOW(), 1);
INSERT INTO CM_GROUP_USER (GROUP_ID, USER_ID) VALUES (103, 162);
INSERT INTO CM_ROLE_USER (ROLE_ID, USER_ID) VALUES (103, 162);
INSERT INTO CR_CUSTOMER (ID, TYPE, LOGIN_USER_ID, COMPANY_NAME, CONTACT, PHONE, FAX, EMAIL, INDUSTRY, CREATED_AT, CREATED_BY) VALUES (162, 'D', 162, '苏州广电国际会展中心有限公司', '', '', '' ,'','CG', NOW(), 1);

INSERT INTO CM_PROFILE (ID, FULLNAME, TITLE, MOBILE, CREATED_AT, CREATED_BY) VALUES (163, '', '', '', NOW(), 1);
INSERT INTO CM_USER (ID, USERNAME, PASSWORD, PROFILE_ID, CREATED_AT, CREATED_BY) VALUES (163, '', '$2a$10$7wZkNXX/Ij1QpfInxzfrQuvTrYaHBjLgj7HJ72QDjMc8lXvXXNXOu', 163, NOW(), 1);
INSERT INTO CM_GROUP_USER (GROUP_ID, USER_ID) VALUES (103, 163);
INSERT INTO CM_ROLE_USER (ROLE_ID, USER_ID) VALUES (103, 163);
INSERT INTO CR_CUSTOMER (ID, TYPE, LOGIN_USER_ID, COMPANY_NAME, CONTACT, PHONE, FAX, EMAIL, INDUSTRY, CREATED_AT, CREATED_BY) VALUES (163, 'C', 163, '苏州太湖国际会议中心', '', '', '' ,'','CG', NOW(), 1);

INSERT INTO CM_PROFILE (ID, FULLNAME, TITLE, MOBILE, CREATED_AT, CREATED_BY) VALUES (164, '', '', '', NOW(), 1);
INSERT INTO CM_USER (ID, USERNAME, PASSWORD, PROFILE_ID, CREATED_AT, CREATED_BY) VALUES (164, '', '$2a$10$7wZkNXX/Ij1QpfInxzfrQuvTrYaHBjLgj7HJ72QDjMc8lXvXXNXOu', 164, NOW(), 1);
INSERT INTO CM_GROUP_USER (GROUP_ID, USER_ID) VALUES (103, 164);
INSERT INTO CM_ROLE_USER (ROLE_ID, USER_ID) VALUES (103, 164);
INSERT INTO CR_CUSTOMER (ID, TYPE, LOGIN_USER_ID, COMPANY_NAME, CONTACT, PHONE, FAX, EMAIL, INDUSTRY, CREATED_AT, CREATED_BY) VALUES (164, 'D', 164, '苏州太旅集团', '', '', '' ,'','CG', NOW(), 1);

INSERT INTO CM_PROFILE (ID, FULLNAME, TITLE, MOBILE, CREATED_AT, CREATED_BY) VALUES (165, '', '', '', NOW(), 1);
INSERT INTO CM_USER (ID, USERNAME, PASSWORD, PROFILE_ID, CREATED_AT, CREATED_BY) VALUES (165, '', '$2a$10$7wZkNXX/Ij1QpfInxzfrQuvTrYaHBjLgj7HJ72QDjMc8lXvXXNXOu', 165, NOW(), 1);
INSERT INTO CM_GROUP_USER (GROUP_ID, USER_ID) VALUES (103, 165);
INSERT INTO CM_ROLE_USER (ROLE_ID, USER_ID) VALUES (103, 165);
INSERT INTO CR_CUSTOMER (ID, TYPE, LOGIN_USER_ID, COMPANY_NAME, CONTACT, PHONE, FAX, EMAIL, INDUSTRY, CREATED_AT, CREATED_BY) VALUES (165, 'D', 165, '常熟市节庆会展策划有限公司', '', '', '' ,'','ZBF', NOW(), 1);

INSERT INTO CM_PROFILE (ID, FULLNAME, TITLE, MOBILE, CREATED_AT, CREATED_BY) VALUES (166, '', '', '', NOW(), 1);
INSERT INTO CM_USER (ID, USERNAME, PASSWORD, PROFILE_ID, CREATED_AT, CREATED_BY) VALUES (166, '', '$2a$10$7wZkNXX/Ij1QpfInxzfrQuvTrYaHBjLgj7HJ72QDjMc8lXvXXNXOu', 166, NOW(), 1);
INSERT INTO CM_GROUP_USER (GROUP_ID, USER_ID) VALUES (103, 166);
INSERT INTO CM_ROLE_USER (ROLE_ID, USER_ID) VALUES (103, 166);
INSERT INTO CR_CUSTOMER (ID, TYPE, LOGIN_USER_ID, COMPANY_NAME, CONTACT, PHONE, FAX, EMAIL, INDUSTRY, CREATED_AT, CREATED_BY) VALUES (166, 'D', 166, '苏州友邦展览服务有限公司', '', '', '' ,'','ZBF', NOW(), 1);

INSERT INTO CM_PROFILE (ID, FULLNAME, TITLE, MOBILE, CREATED_AT, CREATED_BY) VALUES (167, '', '', '', NOW(), 1);
INSERT INTO CM_USER (ID, USERNAME, PASSWORD, PROFILE_ID, CREATED_AT, CREATED_BY) VALUES (167, '', '$2a$10$7wZkNXX/Ij1QpfInxzfrQuvTrYaHBjLgj7HJ72QDjMc8lXvXXNXOu', 167, NOW(), 1);
INSERT INTO CM_GROUP_USER (GROUP_ID, USER_ID) VALUES (103, 167);
INSERT INTO CM_ROLE_USER (ROLE_ID, USER_ID) VALUES (103, 167);
INSERT INTO CR_CUSTOMER (ID, TYPE, LOGIN_USER_ID, COMPANY_NAME, CONTACT, PHONE, FAX, EMAIL, INDUSTRY, CREATED_AT, CREATED_BY) VALUES (167, 'D', 167, '苏州光阳展览展示有限公司', '', '', '' ,'','ZBF', NOW(), 1);

INSERT INTO CM_PROFILE (ID, FULLNAME, TITLE, MOBILE, CREATED_AT, CREATED_BY) VALUES (168, '', '', '', NOW(), 1);
INSERT INTO CM_USER (ID, USERNAME, PASSWORD, PROFILE_ID, CREATED_AT, CREATED_BY) VALUES (168, '', '$2a$10$7wZkNXX/Ij1QpfInxzfrQuvTrYaHBjLgj7HJ72QDjMc8lXvXXNXOu', 168, NOW(), 1);
INSERT INTO CM_GROUP_USER (GROUP_ID, USER_ID) VALUES (103, 168);
INSERT INTO CM_ROLE_USER (ROLE_ID, USER_ID) VALUES (103, 168);
INSERT INTO CR_CUSTOMER (ID, TYPE, LOGIN_USER_ID, COMPANY_NAME, CONTACT, PHONE, FAX, EMAIL, INDUSTRY, CREATED_AT, CREATED_BY) VALUES (168, 'D', 168, '苏州会奖旅游发展有限公司', '', '', '' ,'','ZBF', NOW(), 1);

INSERT INTO CM_PROFILE (ID, FULLNAME, TITLE, MOBILE, CREATED_AT, CREATED_BY) VALUES (169, '', '', '', NOW(), 1);
INSERT INTO CM_USER (ID, USERNAME, PASSWORD, PROFILE_ID, CREATED_AT, CREATED_BY) VALUES (169, '', '$2a$10$7wZkNXX/Ij1QpfInxzfrQuvTrYaHBjLgj7HJ72QDjMc8lXvXXNXOu', 169, NOW(), 1);
INSERT INTO CM_GROUP_USER (GROUP_ID, USER_ID) VALUES (103, 169);
INSERT INTO CM_ROLE_USER (ROLE_ID, USER_ID) VALUES (103, 169);
INSERT INTO CR_CUSTOMER (ID, TYPE, LOGIN_USER_ID, COMPANY_NAME, CONTACT, PHONE, FAX, EMAIL, INDUSTRY, CREATED_AT, CREATED_BY) VALUES (169, 'D', 169, '苏州渔洋会展有限公司', '', '', '' ,'','ZBF', NOW(), 1);

INSERT INTO CM_PROFILE (ID, FULLNAME, TITLE, MOBILE, CREATED_AT, CREATED_BY) VALUES (170, '', '', '', NOW(), 1);
INSERT INTO CM_USER (ID, USERNAME, PASSWORD, PROFILE_ID, CREATED_AT, CREATED_BY) VALUES (170, '', '$2a$10$7wZkNXX/Ij1QpfInxzfrQuvTrYaHBjLgj7HJ72QDjMc8lXvXXNXOu', 170, NOW(), 1);
INSERT INTO CM_GROUP_USER (GROUP_ID, USER_ID) VALUES (103, 170);
INSERT INTO CM_ROLE_USER (ROLE_ID, USER_ID) VALUES (103, 170);
INSERT INTO CR_CUSTOMER (ID, TYPE, LOGIN_USER_ID, COMPANY_NAME, CONTACT, PHONE, FAX, EMAIL, INDUSTRY, CREATED_AT, CREATED_BY) VALUES (170, 'D', 170, '苏州得一会展服务有限公司', '', '', '' ,'','ZBF', NOW(), 1);

INSERT INTO CM_PROFILE (ID, FULLNAME, TITLE, MOBILE, CREATED_AT, CREATED_BY) VALUES (171, '', '', '', NOW(), 1);
INSERT INTO CM_USER (ID, USERNAME, PASSWORD, PROFILE_ID, CREATED_AT, CREATED_BY) VALUES (171, '', '$2a$10$7wZkNXX/Ij1QpfInxzfrQuvTrYaHBjLgj7HJ72QDjMc8lXvXXNXOu', 171, NOW(), 1);
INSERT INTO CM_GROUP_USER (GROUP_ID, USER_ID) VALUES (103, 171);
INSERT INTO CM_ROLE_USER (ROLE_ID, USER_ID) VALUES (103, 171);
INSERT INTO CR_CUSTOMER (ID, TYPE, LOGIN_USER_ID, COMPANY_NAME, CONTACT, PHONE, FAX, EMAIL, INDUSTRY, CREATED_AT, CREATED_BY) VALUES (171, 'D', 171, '上海朗华展览展示服务有限公司', '', '', '' ,'','ZBF', NOW(), 1);

INSERT INTO CM_PROFILE (ID, FULLNAME, TITLE, MOBILE, CREATED_AT, CREATED_BY) VALUES (172, '', '', '', NOW(), 1);
INSERT INTO CM_USER (ID, USERNAME, PASSWORD, PROFILE_ID, CREATED_AT, CREATED_BY) VALUES (172, '', '$2a$10$7wZkNXX/Ij1QpfInxzfrQuvTrYaHBjLgj7HJ72QDjMc8lXvXXNXOu', 172, NOW(), 1);
INSERT INTO CM_GROUP_USER (GROUP_ID, USER_ID) VALUES (103, 172);
INSERT INTO CM_ROLE_USER (ROLE_ID, USER_ID) VALUES (103, 172);
INSERT INTO CR_CUSTOMER (ID, TYPE, LOGIN_USER_ID, COMPANY_NAME, CONTACT, PHONE, FAX, EMAIL, INDUSTRY, CREATED_AT, CREATED_BY) VALUES (172, 'D', 172, '北京世纪环达科技发展一个公司苏州分公司', '', '', '' ,'','ZBF', NOW(), 1);

INSERT INTO CM_PROFILE (ID, FULLNAME, TITLE, MOBILE, CREATED_AT, CREATED_BY) VALUES (173, '', '', '', NOW(), 1);
INSERT INTO CM_USER (ID, USERNAME, PASSWORD, PROFILE_ID, CREATED_AT, CREATED_BY) VALUES (173, '', '$2a$10$7wZkNXX/Ij1QpfInxzfrQuvTrYaHBjLgj7HJ72QDjMc8lXvXXNXOu', 173, NOW(), 1);
INSERT INTO CM_GROUP_USER (GROUP_ID, USER_ID) VALUES (103, 173);
INSERT INTO CM_ROLE_USER (ROLE_ID, USER_ID) VALUES (103, 173);
INSERT INTO CR_CUSTOMER (ID, TYPE, LOGIN_USER_ID, COMPANY_NAME, CONTACT, PHONE, FAX, EMAIL, INDUSTRY, CREATED_AT, CREATED_BY) VALUES (173, 'D', 173, '苏州农业职业技术学院', '', '', '' ,'','JYPX', NOW(), 1);

INSERT INTO CM_PROFILE (ID, FULLNAME, TITLE, MOBILE, CREATED_AT, CREATED_BY) VALUES (174, '', '', '', NOW(), 1);
INSERT INTO CM_USER (ID, USERNAME, PASSWORD, PROFILE_ID, CREATED_AT, CREATED_BY) VALUES (174, '', '$2a$10$7wZkNXX/Ij1QpfInxzfrQuvTrYaHBjLgj7HJ72QDjMc8lXvXXNXOu', 174, NOW(), 1);
INSERT INTO CM_GROUP_USER (GROUP_ID, USER_ID) VALUES (103, 174);
INSERT INTO CM_ROLE_USER (ROLE_ID, USER_ID) VALUES (103, 174);
INSERT INTO CR_CUSTOMER (ID, TYPE, LOGIN_USER_ID, COMPANY_NAME, CONTACT, PHONE, FAX, EMAIL, INDUSTRY, CREATED_AT, CREATED_BY) VALUES (174, 'D', 174, '苏州经贸职业技术学院', '', '', '' ,'','JYPX', NOW(), 1);

INSERT INTO CM_PROFILE (ID, FULLNAME, TITLE, MOBILE, CREATED_AT, CREATED_BY) VALUES (175, '', '', '', NOW(), 1);
INSERT INTO CM_USER (ID, USERNAME, PASSWORD, PROFILE_ID, CREATED_AT, CREATED_BY) VALUES (175, '', '$2a$10$7wZkNXX/Ij1QpfInxzfrQuvTrYaHBjLgj7HJ72QDjMc8lXvXXNXOu', 175, NOW(), 1);
INSERT INTO CM_GROUP_USER (GROUP_ID, USER_ID) VALUES (103, 175);
INSERT INTO CM_ROLE_USER (ROLE_ID, USER_ID) VALUES (103, 175);
INSERT INTO CR_CUSTOMER (ID, TYPE, LOGIN_USER_ID, COMPANY_NAME, CONTACT, PHONE, FAX, EMAIL, INDUSTRY, CREATED_AT, CREATED_BY) VALUES (175, 'D', 175, '苏州职业技术大学', '', '', '' ,'','JYPX', NOW(), 1);

INSERT INTO CM_PROFILE (ID, FULLNAME, TITLE, MOBILE, CREATED_AT, CREATED_BY) VALUES (176, '', '', '', NOW(), 1);
INSERT INTO CM_USER (ID, USERNAME, PASSWORD, PROFILE_ID, CREATED_AT, CREATED_BY) VALUES (176, '', '$2a$10$7wZkNXX/Ij1QpfInxzfrQuvTrYaHBjLgj7HJ72QDjMc8lXvXXNXOu', 176, NOW(), 1);
INSERT INTO CM_GROUP_USER (GROUP_ID, USER_ID) VALUES (103, 176);
INSERT INTO CM_ROLE_USER (ROLE_ID, USER_ID) VALUES (103, 176);
INSERT INTO CR_CUSTOMER (ID, TYPE, LOGIN_USER_ID, COMPANY_NAME, CONTACT, PHONE, FAX, EMAIL, INDUSTRY, CREATED_AT, CREATED_BY) VALUES (176, 'D', 176, '灵通展览系统股份有限公司', '', '', '' ,'','ZLGC', NOW(), 1);

INSERT INTO CM_PROFILE (ID, FULLNAME, TITLE, MOBILE, CREATED_AT, CREATED_BY) VALUES (177, '', '', '', NOW(), 1);
INSERT INTO CM_USER (ID, USERNAME, PASSWORD, PROFILE_ID, CREATED_AT, CREATED_BY) VALUES (177, '', '$2a$10$7wZkNXX/Ij1QpfInxzfrQuvTrYaHBjLgj7HJ72QDjMc8lXvXXNXOu', 177, NOW(), 1);
INSERT INTO CM_GROUP_USER (GROUP_ID, USER_ID) VALUES (103, 177);
INSERT INTO CM_ROLE_USER (ROLE_ID, USER_ID) VALUES (103, 177);
INSERT INTO CR_CUSTOMER (ID, TYPE, LOGIN_USER_ID, COMPANY_NAME, CONTACT, PHONE, FAX, EMAIL, INDUSTRY, CREATED_AT, CREATED_BY) VALUES (177, 'D', 177, '上海八彦图信息科技有限公司(31会议)', '', '', '' ,'','HYFW', NOW(), 1);

INSERT INTO CM_PROFILE (ID, FULLNAME, TITLE, MOBILE, CREATED_AT, CREATED_BY) VALUES (178, '', '', '', NOW(), 1);
INSERT INTO CM_USER (ID, USERNAME, PASSWORD, PROFILE_ID, CREATED_AT, CREATED_BY) VALUES (178, '', '$2a$10$7wZkNXX/Ij1QpfInxzfrQuvTrYaHBjLgj7HJ72QDjMc8lXvXXNXOu', 178, NOW(), 1);
INSERT INTO CM_GROUP_USER (GROUP_ID, USER_ID) VALUES (103, 178);
INSERT INTO CM_ROLE_USER (ROLE_ID, USER_ID) VALUES (103, 178);
INSERT INTO CR_CUSTOMER (ID, TYPE, LOGIN_USER_ID, COMPANY_NAME, CONTACT, PHONE, FAX, EMAIL, INDUSTRY, CREATED_AT, CREATED_BY) VALUES (178, 'D', 178, '苏州之春会展服务有限公司', '', '', '' ,'','HYFW', NOW(), 1);

INSERT INTO CM_PROFILE (ID, FULLNAME, TITLE, MOBILE, CREATED_AT, CREATED_BY) VALUES (179, '', '', '', NOW(), 1);
INSERT INTO CM_USER (ID, USERNAME, PASSWORD, PROFILE_ID, CREATED_AT, CREATED_BY) VALUES (179, '', '$2a$10$7wZkNXX/Ij1QpfInxzfrQuvTrYaHBjLgj7HJ72QDjMc8lXvXXNXOu', 179, NOW(), 1);
INSERT INTO CM_GROUP_USER (GROUP_ID, USER_ID) VALUES (103, 179);
INSERT INTO CM_ROLE_USER (ROLE_ID, USER_ID) VALUES (103, 179);
INSERT INTO CR_CUSTOMER (ID, TYPE, LOGIN_USER_ID, COMPANY_NAME, CONTACT, PHONE, FAX, EMAIL, INDUSTRY, CREATED_AT, CREATED_BY) VALUES (179, 'D', 179, '苏州和氏设计营造工程有限公司', '', '', '' ,'','GGCM', NOW(), 1);

INSERT INTO CM_PROFILE (ID, FULLNAME, TITLE, MOBILE, CREATED_AT, CREATED_BY) VALUES (180, '', '', '', NOW(), 1);
INSERT INTO CM_USER (ID, USERNAME, PASSWORD, PROFILE_ID, CREATED_AT, CREATED_BY) VALUES (180, '', '$2a$10$7wZkNXX/Ij1QpfInxzfrQuvTrYaHBjLgj7HJ72QDjMc8lXvXXNXOu', 180, NOW(), 1);
INSERT INTO CM_GROUP_USER (GROUP_ID, USER_ID) VALUES (103, 180);
INSERT INTO CM_ROLE_USER (ROLE_ID, USER_ID) VALUES (103, 180);
INSERT INTO CR_CUSTOMER (ID, TYPE, LOGIN_USER_ID, COMPANY_NAME, CONTACT, PHONE, FAX, EMAIL, INDUSTRY, CREATED_AT, CREATED_BY) VALUES (180, 'D', 180, '苏州青木极致文化传播有限公司', '', '', '' ,'','GGCM', NOW(), 1);

INSERT INTO CM_PROFILE (ID, FULLNAME, TITLE, MOBILE, CREATED_AT, CREATED_BY) VALUES (181, '', '', '', NOW(), 1);
INSERT INTO CM_USER (ID, USERNAME, PASSWORD, PROFILE_ID, CREATED_AT, CREATED_BY) VALUES (181, '', '$2a$10$7wZkNXX/Ij1QpfInxzfrQuvTrYaHBjLgj7HJ72QDjMc8lXvXXNXOu', 181, NOW(), 1);
INSERT INTO CM_GROUP_USER (GROUP_ID, USER_ID) VALUES (103, 181);
INSERT INTO CM_ROLE_USER (ROLE_ID, USER_ID) VALUES (103, 181);
INSERT INTO CR_CUSTOMER (ID, TYPE, LOGIN_USER_ID, COMPANY_NAME, CONTACT, PHONE, FAX, EMAIL, INDUSTRY, CREATED_AT, CREATED_BY) VALUES (181, 'D', 181, '苏州大鹏物业服务有限公司', '', '', '' ,'','FWS', NOW(), 1);

INSERT INTO CM_PROFILE (ID, FULLNAME, TITLE, MOBILE, CREATED_AT, CREATED_BY) VALUES (182, '', '', '', NOW(), 1);
INSERT INTO CM_USER (ID, USERNAME, PASSWORD, PROFILE_ID, CREATED_AT, CREATED_BY) VALUES (182, '', '$2a$10$7wZkNXX/Ij1QpfInxzfrQuvTrYaHBjLgj7HJ72QDjMc8lXvXXNXOu', 182, NOW(), 1);
INSERT INTO CM_GROUP_USER (GROUP_ID, USER_ID) VALUES (103, 182);
INSERT INTO CM_ROLE_USER (ROLE_ID, USER_ID) VALUES (103, 182);
INSERT INTO CR_CUSTOMER (ID, TYPE, LOGIN_USER_ID, COMPANY_NAME, CONTACT, PHONE, FAX, EMAIL, INDUSTRY, CREATED_AT, CREATED_BY) VALUES (182, 'D', 182, '苏州东山宾馆有限责任公司', '', '', '' ,'','JD', NOW(), 1);

INSERT INTO CM_PROFILE (ID, FULLNAME, TITLE, MOBILE, CREATED_AT, CREATED_BY) VALUES (183, '', '', '', NOW(), 1);
INSERT INTO CM_USER (ID, USERNAME, PASSWORD, PROFILE_ID, CREATED_AT, CREATED_BY) VALUES (183, '', '$2a$10$7wZkNXX/Ij1QpfInxzfrQuvTrYaHBjLgj7HJ72QDjMc8lXvXXNXOu', 183, NOW(), 1);
INSERT INTO CM_GROUP_USER (GROUP_ID, USER_ID) VALUES (103, 183);
INSERT INTO CM_ROLE_USER (ROLE_ID, USER_ID) VALUES (103, 183);
INSERT INTO CR_CUSTOMER (ID, TYPE, LOGIN_USER_ID, COMPANY_NAME, CONTACT, PHONE, FAX, EMAIL, INDUSTRY, CREATED_AT, CREATED_BY) VALUES (183, 'D', 183, '苏州独墅湖世尊酒店', '', '', '' ,'','JD', NOW(), 1);

INSERT INTO CM_PROFILE (ID, FULLNAME, TITLE, MOBILE, CREATED_AT, CREATED_BY) VALUES (184, '', '', '', NOW(), 1);
INSERT INTO CM_USER (ID, USERNAME, PASSWORD, PROFILE_ID, CREATED_AT, CREATED_BY) VALUES (184, '', '$2a$10$7wZkNXX/Ij1QpfInxzfrQuvTrYaHBjLgj7HJ72QDjMc8lXvXXNXOu', 184, NOW(), 1);
INSERT INTO CM_GROUP_USER (GROUP_ID, USER_ID) VALUES (103, 184);
INSERT INTO CM_ROLE_USER (ROLE_ID, USER_ID) VALUES (103, 184);
INSERT INTO CR_CUSTOMER (ID, TYPE, LOGIN_USER_ID, COMPANY_NAME, CONTACT, PHONE, FAX, EMAIL, INDUSTRY, CREATED_AT, CREATED_BY) VALUES (184, 'B', 184, '苏州白金汉爵大酒店有限公司', '', '', '' ,'','JD', NOW(), 1);

INSERT INTO CM_PROFILE (ID, FULLNAME, TITLE, MOBILE, CREATED_AT, CREATED_BY) VALUES (185, '', '', '', NOW(), 1);
INSERT INTO CM_USER (ID, USERNAME, PASSWORD, PROFILE_ID, CREATED_AT, CREATED_BY) VALUES (185, '', '$2a$10$7wZkNXX/Ij1QpfInxzfrQuvTrYaHBjLgj7HJ72QDjMc8lXvXXNXOu', 185, NOW(), 1);
INSERT INTO CM_GROUP_USER (GROUP_ID, USER_ID) VALUES (103, 185);
INSERT INTO CM_ROLE_USER (ROLE_ID, USER_ID) VALUES (103, 185);
INSERT INTO CR_CUSTOMER (ID, TYPE, LOGIN_USER_ID, COMPANY_NAME, CONTACT, PHONE, FAX, EMAIL, INDUSTRY, CREATED_AT, CREATED_BY) VALUES (185, 'D', 185, '苏州在水一方酒店', '', '', '' ,'','JD', NOW(), 1);

INSERT INTO CM_PROFILE (ID, FULLNAME, TITLE, MOBILE, CREATED_AT, CREATED_BY) VALUES (186, '', '', '', NOW(), 1);
INSERT INTO CM_USER (ID, USERNAME, PASSWORD, PROFILE_ID, CREATED_AT, CREATED_BY) VALUES (186, '', '$2a$10$7wZkNXX/Ij1QpfInxzfrQuvTrYaHBjLgj7HJ72QDjMc8lXvXXNXOu', 186, NOW(), 1);
INSERT INTO CM_GROUP_USER (GROUP_ID, USER_ID) VALUES (103, 186);
INSERT INTO CM_ROLE_USER (ROLE_ID, USER_ID) VALUES (103, 186);
INSERT INTO CR_CUSTOMER (ID, TYPE, LOGIN_USER_ID, COMPANY_NAME, CONTACT, PHONE, FAX, EMAIL, INDUSTRY, CREATED_AT, CREATED_BY) VALUES (186, 'D', 186, '苏州市大众餐饮行业协会', '', '', '' ,'','HYXH', NOW(), 1);

INSERT INTO CM_PROFILE (ID, FULLNAME, TITLE, MOBILE, CREATED_AT, CREATED_BY) VALUES (187, '', '', '', NOW(), 1);
INSERT INTO CM_USER (ID, USERNAME, PASSWORD, PROFILE_ID, CREATED_AT, CREATED_BY) VALUES (187, '', '$2a$10$7wZkNXX/Ij1QpfInxzfrQuvTrYaHBjLgj7HJ72QDjMc8lXvXXNXOu', 187, NOW(), 1);
INSERT INTO CM_GROUP_USER (GROUP_ID, USER_ID) VALUES (103, 187);
INSERT INTO CM_ROLE_USER (ROLE_ID, USER_ID) VALUES (103, 187);
INSERT INTO CR_CUSTOMER (ID, TYPE, LOGIN_USER_ID, COMPANY_NAME, CONTACT, PHONE, FAX, EMAIL, INDUSTRY, CREATED_AT, CREATED_BY) VALUES (187, 'D', 187, '苏州市食品行业协会', '', '', '' ,'','HYXH', NOW(), 1);
